{"cameraMode":{"drawMode":0,"name":"Shaded","section":"Shading Mode"},"sceneLighting":false,"audioPlay":false,"sceneViewState":{"showFog":true,"showMaterialUpdate":false,"showSkybox":true,"showFlares":true,"showImageEffects":true,"showParticleSystems":true},"in2DMode":false,"pivot":{"x":-0.3722820281982422,"y":-2.0266575813293459,"z":-2.9920411109924318},"rotation":{"x":0.035364095121622089,"y":0.9591284394264221,"z":-0.13907724618911744,"w":0.24388431012630464},"size":11.446731567382813,"orthographic":true}