{"cameraMode":{"drawMode":0,"name":"Shaded","section":"Shading Mode"},"sceneLighting":false,"audioPlay":false,"sceneViewState":{"showFog":true,"showMaterialUpdate":false,"showSkybox":true,"showFlares":true,"showImageEffects":true,"showParticleSystems":true},"in2DMode":false,"pivot":{"x":-1.346543550491333,"y":-2.3088364601135256,"z":-6.06365966796875},"rotation":{"x":-0.020522870123386384,"y":-0.9782223105430603,"z":0.16892576217651368,"w":-0.11884476989507675},"size":3.909998655319214,"orthographic":false}