{"cameraMode":{"drawMode":0,"name":"Shaded","section":"Shading Mode"},"sceneLighting":false,"audioPlay":false,"sceneViewState":{"showFog":true,"showMaterialUpdate":false,"showSkybox":false,"showFlares":true,"showImageEffects":true,"showParticleSystems":true},"in2DMode":false,"pivot":{"x":1.9499998092651368,"y":4.048628807067871,"z":39.02857208251953},"rotation":{"x":-0.018476784229278566,"y":0.9595531821250916,"z":-0.2733282744884491,"w":-0.06486862152814865},"size":10.834792137145996,"orthographic":true}