{"cameraMode":{"drawMode":0,"name":"Shaded","section":"Shading Mode"},"sceneLighting":false,"audioPlay":false,"sceneViewState":{"showFog":true,"showMaterialUpdate":false,"showSkybox":false,"showFlares":true,"showImageEffects":true,"showParticleSystems":true},"in2DMode":false,"pivot":{"x":-0.05923697352409363,"y":-0.05416509509086609,"z":-0.06073349714279175},"rotation":{"x":0.17326746881008149,"y":0.7943975329399109,"z":-0.2657352387905121,"w":0.5179727673530579},"size":0.5715767741203308,"orthographic":false}