{"cameraMode":{"drawMode":0,"name":"Shaded","section":"Shading Mode"},"sceneLighting":false,"audioPlay":false,"sceneViewState":{"showFog":true,"showMaterialUpdate":false,"showSkybox":false,"showFlares":true,"showImageEffects":true,"showParticleSystems":true},"in2DMode":false,"pivot":{"x":0.4375004768371582,"y":5.985875606536865,"z":33.0},"rotation":{"x":0.15217217803001405,"y":-0.8229694366455078,"z":0.48163318634033205,"w":0.259989470243454},"size":97.13475799560547,"orthographic":true}